<object type="edu.southwestern.evolution.genotypes.BoundedRealValuedGenotype" id="0"><field name="lower"><array type="double" length="10" id="1">0.0 0.0 0.0 0.0 0.0 0.0 0.0 0.0 0.0 0.0</array></field><field name="upper"><array type="double" length="10" id="2">1.0 1.0 1.0 1.0 1.0 1.0 1.0 1.0 1.0 1.0</array></field><field name="polynomialMutation" type="boolean" value="true" /><field name="parents"><object type="java.util.LinkedList" id="3"><field name="size" type="int" value="0" /><field name="first"><object /></field><field name="last"><object /></field><field name="modCount" type="int" value="0" /></object></field><field name="genes"><object type="java.util.ArrayList" id="4"><field name="elementData"><array type="java.lang.Object" length="10" id="5"><object type="java.lang.Double" id="6">0.8</object><object type="java.lang.Double" id="7">0.22147828063036645</object><object type="java.lang.Double" id="8">0.8872764224336032</object><object type="java.lang.Double" id="9">0.6414442024532153</object><object type="java.lang.Double" id="10">0.836990019629122</object><object type="java.lang.Double" id="11">0.995276443726594</object><object type="java.lang.Double" id="12">0.84</object><object type="java.lang.Double" id="13">0.7093054997941238</object><object type="java.lang.Double" id="14">0.2949481577051553</object><object type="java.lang.Double" id="15">0.7092246623629421</object></array></field><field name="size" type="int" value="10" /><field name="modCount" type="int" value="10" /></object></field><field name="id" type="long" value="146" /></object>