<object type="edu.southwestern.evolution.genotypes.BoundedRealValuedGenotype" id="0"><field name="lower"><array type="double" length="10" id="1">0.0 0.0 0.0 0.0 0.0 0.0 0.0 0.0 0.0 0.0</array></field><field name="upper"><array type="double" length="10" id="2">1.0 1.0 1.0 1.0 1.0 1.0 1.0 1.0 1.0 1.0</array></field><field name="polynomialMutation" type="boolean" value="true" /><field name="parents"><object type="java.util.LinkedList" id="3"><field name="size" type="int" value="0" /><field name="first"><object /></field><field name="last"><object /></field><field name="modCount" type="int" value="0" /></object></field><field name="genes"><object type="java.util.ArrayList" id="4"><field name="elementData"><array type="java.lang.Object" length="10" id="5"><object type="java.lang.Double" id="6">0.7160480753607138</object><object type="java.lang.Double" id="7">0.2705569212696598</object><object type="java.lang.Double" id="8">0.26287177943152806</object><object type="java.lang.Double" id="9">0.35709559745037844</object><object type="java.lang.Double" id="10">0.04412206759247683</object><object type="java.lang.Double" id="11">0.43542324280078726</object><object type="java.lang.Double" id="12">0.8995267149502112</object><object type="java.lang.Double" id="13">0.11249627918001082</object><object type="java.lang.Double" id="14">0.007784641933887615</object><object type="java.lang.Double" id="15">0.15830344889225167</object></array></field><field name="size" type="int" value="10" /><field name="modCount" type="int" value="10" /></object></field><field name="id" type="long" value="2" /></object>