<object type="edu.southwestern.evolution.genotypes.BoundedRealValuedGenotype" id="0"><field name="lower"><array type="double" length="10" id="1">0.0 0.0 0.0 0.0 0.0 0.0 0.0 0.0 0.0 0.0</array></field><field name="upper"><array type="double" length="10" id="2">1.0 1.0 1.0 1.0 1.0 1.0 1.0 1.0 1.0 1.0</array></field><field name="polynomialMutation" type="boolean" value="true" /><field name="parents"><object type="java.util.LinkedList" id="3"><field name="size" type="int" value="0" /><field name="first"><object /></field><field name="last"><object /></field><field name="modCount" type="int" value="0" /></object></field><field name="genes"><object type="java.util.ArrayList" id="4"><field name="elementData"><array type="java.lang.Object" length="10" id="5"><object type="java.lang.Double" id="6">0.7415983308145224</object><object type="java.lang.Double" id="7">0.752347839837391</object><object type="java.lang.Double" id="8">0.9160662393437081</object><object type="java.lang.Double" id="9">0.8221840464815863</object><object type="java.lang.Double" id="10">0.37746777191225467</object><object type="java.lang.Double" id="11">0.6370751978129097</object><object type="java.lang.Double" id="12">0.7693149704615133</object><object type="java.lang.Double" id="13">0.004352539705390623</object><object type="java.lang.Double" id="14">0.019666214637049984</object><object type="java.lang.Double" id="15">0.13771706532656158</object></array></field><field name="size" type="int" value="10" /><field name="modCount" type="int" value="10" /></object></field><field name="id" type="long" value="0" /></object>