<object type="edu.southwestern.evolution.genotypes.BoundedRealValuedGenotype" id="0"><field name="lower"><array type="double" length="10" id="1">0.0 0.0 0.0 0.0 0.0 0.0 0.0 0.0 0.0 0.0</array></field><field name="upper"><array type="double" length="10" id="2">1.0 1.0 1.0 1.0 1.0 1.0 1.0 1.0 1.0 1.0</array></field><field name="polynomialMutation" type="boolean" value="true" /><field name="parents"><object type="java.util.LinkedList" id="3"><field name="size" type="int" value="0" /><field name="first"><object /></field><field name="last"><object /></field><field name="modCount" type="int" value="0" /></object></field><field name="genes"><object type="java.util.ArrayList" id="4"><field name="elementData"><array type="java.lang.Object" length="10" id="5"><object type="java.lang.Double" id="6">0.0041312313326842265</object><object type="java.lang.Double" id="7">0.38472870271862947</object><object type="java.lang.Double" id="8">0.1356693945142784</object><object type="java.lang.Double" id="9">0.41520008832014355</object><object type="java.lang.Double" id="10">0.5408623678455895</object><object type="java.lang.Double" id="11">0.529289809439101</object><object type="java.lang.Double" id="12">0.47767519262877334</object><object type="java.lang.Double" id="13">0.04790800397997119</object><object type="java.lang.Double" id="14">0.8024170828588333</object><object type="java.lang.Double" id="15">0.8483576212388336</object></array></field><field name="size" type="int" value="10" /><field name="modCount" type="int" value="10" /></object></field><field name="id" type="long" value="14" /></object>