<object type="edu.southwestern.evolution.genotypes.BoundedRealValuedGenotype" id="0"><field name="lower"><array type="double" length="10" id="1">0.0 0.0 0.0 0.0 0.0 0.0 0.0 0.0 0.0 0.0</array></field><field name="upper"><array type="double" length="10" id="2">1.0 1.0 1.0 1.0 1.0 1.0 1.0 1.0 1.0 1.0</array></field><field name="polynomialMutation" type="boolean" value="true" /><field name="parents"><object type="java.util.LinkedList" id="3"><field name="size" type="int" value="0" /><field name="first"><object /></field><field name="last"><object /></field><field name="modCount" type="int" value="0" /></object></field><field name="genes"><object type="java.util.ArrayList" id="4"><field name="elementData"><array type="java.lang.Object" length="10" id="5"><object type="java.lang.Double" id="6">0.7430567494253575</object><object type="java.lang.Double" id="7">0.8456121876239144</object><object type="java.lang.Double" id="8">0.9040340981690954</object><object type="java.lang.Double" id="9">0.6563118189482668</object><object type="java.lang.Double" id="10">0.18920642240199215</object><object type="java.lang.Double" id="11">0.5126445784044374</object><object type="java.lang.Double" id="12">0.9448508653350192</object><object type="java.lang.Double" id="13">0.25364332329618744</object><object type="java.lang.Double" id="14">0.23185151764326017</object><object type="java.lang.Double" id="15">0.18344035135155345</object></array></field><field name="size" type="int" value="10" /><field name="modCount" type="int" value="10" /></object></field><field name="id" type="long" value="11" /></object>