<object type="edu.southwestern.evolution.genotypes.BoundedRealValuedGenotype" id="0"><field name="lower"><array type="double" length="10" id="1">0.0 0.0 0.0 0.0 0.0 0.0 0.0 0.0 0.0 0.0</array></field><field name="upper"><array type="double" length="10" id="2">1.0 1.0 1.0 1.0 1.0 1.0 1.0 1.0 1.0 1.0</array></field><field name="polynomialMutation" type="boolean" value="true" /><field name="parents"><object type="java.util.LinkedList" id="3"><field name="size" type="int" value="0" /><field name="first"><object /></field><field name="last"><object /></field><field name="modCount" type="int" value="0" /></object></field><field name="genes"><object type="java.util.ArrayList" id="4"><field name="elementData"><array type="java.lang.Object" length="10" id="5"><object type="java.lang.Double" id="6">0.9291972326527146</object><object type="java.lang.Double" id="7">0.10521487138749264</object><object type="java.lang.Double" id="8">0.5236229085714104</object><object type="java.lang.Double" id="9">0.8986557121385315</object><object type="java.lang.Double" id="10">0.20179434857090361</object><object type="java.lang.Double" id="11">0.2954434661740917</object><object type="java.lang.Double" id="12">0.5180160190778536</object><object type="java.lang.Double" id="13">0.84688503027496</object><object type="java.lang.Double" id="14">0.7736419638079725</object><object type="java.lang.Double" id="15">0.38815042064708316</object></array></field><field name="size" type="int" value="10" /><field name="modCount" type="int" value="10" /></object></field><field name="id" type="long" value="19" /></object>