<object type="edu.southwestern.evolution.genotypes.BoundedRealValuedGenotype" id="0"><field name="lower"><array type="double" length="10" id="1">0.0 0.0 0.0 0.0 0.0 0.0 0.0 0.0 0.0 0.0</array></field><field name="upper"><array type="double" length="10" id="2">1.0 1.0 1.0 1.0 1.0 1.0 1.0 1.0 1.0 1.0</array></field><field name="polynomialMutation" type="boolean" value="true" /><field name="parents"><object type="java.util.LinkedList" id="3"><field name="size" type="int" value="0" /><field name="first"><object /></field><field name="last"><object /></field><field name="modCount" type="int" value="0" /></object></field><field name="genes"><object type="java.util.ArrayList" id="4"><field name="elementData"><array type="java.lang.Object" length="10" id="5"><object type="java.lang.Double" id="6">0.7026325929652462</object><object type="java.lang.Double" id="7">0.6382587112562249</object><object type="java.lang.Double" id="8">0.0737799962348007</object><object type="java.lang.Double" id="9">0.2729521014391014</object><object type="java.lang.Double" id="10">0.2328307868135231</object><object type="java.lang.Double" id="11">0.8615291986874447</object><object type="java.lang.Double" id="12">0.3290952928573637</object><object type="java.lang.Double" id="13">0.12456172973544566</object><object type="java.lang.Double" id="14">0.6496537509691497</object><object type="java.lang.Double" id="15">0.43401445823991547</object></array></field><field name="size" type="int" value="10" /><field name="modCount" type="int" value="10" /></object></field><field name="id" type="long" value="17" /></object>