<object type="edu.southwestern.evolution.genotypes.BoundedRealValuedGenotype" id="0"><field name="lower"><array type="double" length="10" id="1">0.0 0.0 0.0 0.0 0.0 0.0 0.0 0.0 0.0 0.0</array></field><field name="upper"><array type="double" length="10" id="2">1.0 1.0 1.0 1.0 1.0 1.0 1.0 1.0 1.0 1.0</array></field><field name="polynomialMutation" type="boolean" value="true" /><field name="parents"><object type="java.util.LinkedList" id="3"><field name="size" type="int" value="0" /><field name="first"><object /></field><field name="last"><object /></field><field name="modCount" type="int" value="0" /></object></field><field name="genes"><object type="java.util.ArrayList" id="4"><field name="elementData"><array type="java.lang.Object" length="10" id="5"><object type="java.lang.Double" id="6">0.17220476008949315</object><object type="java.lang.Double" id="7">0.9461800484935743</object><object type="java.lang.Double" id="8">0.6046570396505679</object><object type="java.lang.Double" id="9">0.16194964667849465</object><object type="java.lang.Double" id="10">0.7133877944100511</object><object type="java.lang.Double" id="11">0.5960712488263444</object><object type="java.lang.Double" id="12">0.9183915422246192</object><object type="java.lang.Double" id="13">0.9868169071031759</object><object type="java.lang.Double" id="14">0.3777704972407865</object><object type="java.lang.Double" id="15">0.024207693619252013</object></array></field><field name="size" type="int" value="10" /><field name="modCount" type="int" value="10" /></object></field><field name="id" type="long" value="4" /></object>