<object type="edu.southwestern.evolution.genotypes.BoundedRealValuedGenotype" id="0"><field name="lower"><array type="double" length="10" id="1">0.0 0.0 0.0 0.0 0.0 0.0 0.0 0.0 0.0 0.0</array></field><field name="upper"><array type="double" length="10" id="2">1.0 1.0 1.0 1.0 1.0 1.0 1.0 1.0 1.0 1.0</array></field><field name="polynomialMutation" type="boolean" value="true" /><field name="parents"><object type="java.util.LinkedList" id="3"><field name="size" type="int" value="0" /><field name="first"><object /></field><field name="last"><object /></field><field name="modCount" type="int" value="0" /></object></field><field name="genes"><object type="java.util.ArrayList" id="4"><field name="elementData"><array type="java.lang.Object" length="10" id="5"><object type="java.lang.Double" id="6">0.30451911849259283</object><object type="java.lang.Double" id="7">0.09042268218627825</object><object type="java.lang.Double" id="8">0.3328621181187973</object><object type="java.lang.Double" id="9">0.3247055265754326</object><object type="java.lang.Double" id="10">0.30658503568951023</object><object type="java.lang.Double" id="11">0.8282818870585187</object><object type="java.lang.Double" id="12">0.7046172742153672</object><object type="java.lang.Double" id="13">0.850237168055433</object><object type="java.lang.Double" id="14">0.8214215251423054</object><object type="java.lang.Double" id="15">0.059747212834234675</object></array></field><field name="size" type="int" value="10" /><field name="modCount" type="int" value="10" /></object></field><field name="id" type="long" value="18" /></object>