<object type="edu.southwestern.evolution.genotypes.BoundedRealValuedGenotype" id="0"><field name="lower"><array type="double" length="10" id="1">0.0 0.0 0.0 0.0 0.0 0.0 0.0 0.0 0.0 0.0</array></field><field name="upper"><array type="double" length="10" id="2">1.0 1.0 1.0 1.0 1.0 1.0 1.0 1.0 1.0 1.0</array></field><field name="polynomialMutation" type="boolean" value="true" /><field name="parents"><object type="java.util.LinkedList" id="3"><field name="size" type="int" value="0" /><field name="first"><object /></field><field name="last"><object /></field><field name="modCount" type="int" value="0" /></object></field><field name="genes"><object type="java.util.ArrayList" id="4"><field name="elementData"><array type="java.lang.Object" length="10" id="5"><object type="java.lang.Double" id="6">0.704384903391232</object><object type="java.lang.Double" id="7">0.24319309713788673</object><object type="java.lang.Double" id="8">0.9228055752779137</object><object type="java.lang.Double" id="9">0.45235746368946894</object><object type="java.lang.Double" id="10">0.5921480309505902</object><object type="java.lang.Double" id="11">0.7263434669759168</object><object type="java.lang.Double" id="12">0.7604885171486806</object><object type="java.lang.Double" id="13">0.804779820649861</object><object type="java.lang.Double" id="14">0.45212992001360996</object><object type="java.lang.Double" id="15">0.6792029893281438</object></array></field><field name="size" type="int" value="10" /><field name="modCount" type="int" value="10" /></object></field><field name="id" type="long" value="7" /></object>