<object type="edu.southwestern.evolution.genotypes.BoundedRealValuedGenotype" id="0"><field name="lower"><array type="double" length="10" id="1">0.0 0.0 0.0 0.0 0.0 0.0 0.0 0.0 0.0 0.0</array></field><field name="upper"><array type="double" length="10" id="2">1.0 1.0 1.0 1.0 1.0 1.0 1.0 1.0 1.0 1.0</array></field><field name="polynomialMutation" type="boolean" value="true" /><field name="parents"><object type="java.util.LinkedList" id="3"><field name="size" type="int" value="0" /><field name="first"><object /></field><field name="last"><object /></field><field name="modCount" type="int" value="0" /></object></field><field name="genes"><object type="java.util.ArrayList" id="4"><field name="elementData"><array type="java.lang.Object" length="10" id="5"><object type="java.lang.Double" id="6">0.4734584523117228</object><object type="java.lang.Double" id="7">0.3548389418131489</object><object type="java.lang.Double" id="8">0.7888608854553834</object><object type="java.lang.Double" id="9">0.14136377704603897</object><object type="java.lang.Double" id="10">0.46637108373008096</object><object type="java.lang.Double" id="11">0.9657959971208994</object><object type="java.lang.Double" id="12">0.31218506871976504</object><object type="java.lang.Double" id="13">0.034495606823335745</object><object type="java.lang.Double" id="14">0.7659632517521503</object><object type="java.lang.Double" id="15">0.7406906548907227</object></array></field><field name="size" type="int" value="10" /><field name="modCount" type="int" value="10" /></object></field><field name="id" type="long" value="12" /></object>