<object type="edu.southwestern.evolution.genotypes.BoundedRealValuedGenotype" id="0"><field name="lower"><array type="double" length="10" id="1">0.0 0.0 0.0 0.0 0.0 0.0 0.0 0.0 0.0 0.0</array></field><field name="upper"><array type="double" length="10" id="2">1.0 1.0 1.0 1.0 1.0 1.0 1.0 1.0 1.0 1.0</array></field><field name="polynomialMutation" type="boolean" value="true" /><field name="parents"><object type="java.util.LinkedList" id="3"><field name="size" type="int" value="0" /><field name="first"><object /></field><field name="last"><object /></field><field name="modCount" type="int" value="0" /></object></field><field name="genes"><object type="java.util.ArrayList" id="4"><field name="elementData"><array type="java.lang.Object" length="10" id="5"><object type="java.lang.Double" id="6">0.8528235901979321</object><object type="java.lang.Double" id="7">0.19041948722272195</object><object type="java.lang.Double" id="8">0.23629020625233554</object><object type="java.lang.Double" id="9">0.8646205612671161</object><object type="java.lang.Double" id="10">0.0802605240165436</object><object type="java.lang.Double" id="11">0.5763726528851885</object><object type="java.lang.Double" id="12">0.22059935612094306</object><object type="java.lang.Double" id="13">0.1537748230568612</object><object type="java.lang.Double" id="14">0.29786464910387844</object><object type="java.lang.Double" id="15">0.8991463928831291</object></array></field><field name="size" type="int" value="10" /><field name="modCount" type="int" value="10" /></object></field><field name="id" type="long" value="15" /></object>