<object type="edu.southwestern.evolution.genotypes.BoundedRealValuedGenotype" id="0"><field name="lower"><array type="double" length="10" id="1">0.0 0.0 0.0 0.0 0.0 0.0 0.0 0.0 0.0 0.0</array></field><field name="upper"><array type="double" length="10" id="2">1.0 1.0 1.0 1.0 1.0 1.0 1.0 1.0 1.0 1.0</array></field><field name="polynomialMutation" type="boolean" value="true" /><field name="parents"><object type="java.util.LinkedList" id="3"><field name="size" type="int" value="0" /><field name="first"><object /></field><field name="last"><object /></field><field name="modCount" type="int" value="0" /></object></field><field name="genes"><object type="java.util.ArrayList" id="4"><field name="elementData"><array type="java.lang.Object" length="10" id="5"><object type="java.lang.Double" id="6">0.6569609604066164</object><object type="java.lang.Double" id="7">0.7270348552388659</object><object type="java.lang.Double" id="8">0.2538616728962855</object><object type="java.lang.Double" id="9">0.7593902079139522</object><object type="java.lang.Double" id="10">0.07317586568740042</object><object type="java.lang.Double" id="11">0.7718945928526045</object><object type="java.lang.Double" id="12">0.5060431352422115</object><object type="java.lang.Double" id="13">0.050464509000304525</object><object type="java.lang.Double" id="14">0.21811531242693227</object><object type="java.lang.Double" id="15">0.2711235740017308</object></array></field><field name="size" type="int" value="10" /><field name="modCount" type="int" value="10" /></object></field><field name="id" type="long" value="13" /></object>