<object type="edu.southwestern.evolution.genotypes.BoundedRealValuedGenotype" id="0"><field name="lower"><array type="double" length="10" id="1">0.0 0.0 0.0 0.0 0.0 0.0 0.0 0.0 0.0 0.0</array></field><field name="upper"><array type="double" length="10" id="2">1.0 1.0 1.0 1.0 1.0 1.0 1.0 1.0 1.0 1.0</array></field><field name="polynomialMutation" type="boolean" value="true" /><field name="parents"><object type="java.util.LinkedList" id="3"><field name="size" type="int" value="0" /><field name="first"><object /></field><field name="last"><object /></field><field name="modCount" type="int" value="0" /></object></field><field name="genes"><object type="java.util.ArrayList" id="4"><field name="elementData"><array type="java.lang.Object" length="10" id="5"><object type="java.lang.Double" id="6">0.12925680793486072</object><object type="java.lang.Double" id="7">0.10601325575772891</object><object type="java.lang.Double" id="8">0.5041375083349885</object><object type="java.lang.Double" id="9">0.6452439034958815</object><object type="java.lang.Double" id="10">0.11767620200599171</object><object type="java.lang.Double" id="11">0.4721616286964019</object><object type="java.lang.Double" id="12">0.3062396209796021</object><object type="java.lang.Double" id="13">0.8371410908038426</object><object type="java.lang.Double" id="14">0.34509642732445345</object><object type="java.lang.Double" id="15">0.7993177869102037</object></array></field><field name="size" type="int" value="10" /><field name="modCount" type="int" value="10" /></object></field><field name="id" type="long" value="9" /></object>