<object type="edu.southwestern.evolution.genotypes.BoundedRealValuedGenotype" id="0"><field name="lower"><array type="double" length="10" id="1">0.0 0.0 0.0 0.0 0.0 0.0 0.0 0.0 0.0 0.0</array></field><field name="upper"><array type="double" length="10" id="2">1.0 1.0 1.0 1.0 1.0 1.0 1.0 1.0 1.0 1.0</array></field><field name="polynomialMutation" type="boolean" value="true" /><field name="parents"><object type="java.util.LinkedList" id="3"><field name="size" type="int" value="0" /><field name="first"><object /></field><field name="last"><object /></field><field name="modCount" type="int" value="0" /></object></field><field name="genes"><object type="java.util.ArrayList" id="4"><field name="elementData"><array type="java.lang.Object" length="10" id="5"><object type="java.lang.Double" id="6">0.4414251868730953</object><object type="java.lang.Double" id="7">0.3031720595622832</object><object type="java.lang.Double" id="8">0.8516467129684389</object><object type="java.lang.Double" id="9">0.21294929103015892</object><object type="java.lang.Double" id="10">0.9375458705312967</object><object type="java.lang.Double" id="11">0.4764786476785573</object><object type="java.lang.Double" id="12">0.9870460170675822</object><object type="java.lang.Double" id="13">0.6419726386023002</object><object type="java.lang.Double" id="14">0.45186484533201954</object><object type="java.lang.Double" id="15">0.545276243134481</object></array></field><field name="size" type="int" value="10" /><field name="modCount" type="int" value="10" /></object></field><field name="id" type="long" value="1" /></object>