<object type="edu.southwestern.evolution.genotypes.BoundedRealValuedGenotype" id="0"><field name="lower"><array type="double" length="10" id="1">0.0 0.0 0.0 0.0 0.0 0.0 0.0 0.0 0.0 0.0</array></field><field name="upper"><array type="double" length="10" id="2">1.0 1.0 1.0 1.0 1.0 1.0 1.0 1.0 1.0 1.0</array></field><field name="polynomialMutation" type="boolean" value="true" /><field name="parents"><object type="java.util.LinkedList" id="3"><field name="size" type="int" value="0" /><field name="first"><object /></field><field name="last"><object /></field><field name="modCount" type="int" value="0" /></object></field><field name="genes"><object type="java.util.ArrayList" id="4"><field name="elementData"><array type="java.lang.Object" length="10" id="5"><object type="java.lang.Double" id="6">0.4970655770455009</object><object type="java.lang.Double" id="7">0.27466479505693464</object><object type="java.lang.Double" id="8">0.9405128233524922</object><object type="java.lang.Double" id="9">0.4910548155085095</object><object type="java.lang.Double" id="10">0.715276496356848</object><object type="java.lang.Double" id="11">0.4627244894947671</object><object type="java.lang.Double" id="12">0.33166003733955807</object><object type="java.lang.Double" id="13">0.21449734666452758</object><object type="java.lang.Double" id="14">0.3274310099563861</object><object type="java.lang.Double" id="15">0.6412884532293122</object></array></field><field name="size" type="int" value="10" /><field name="modCount" type="int" value="10" /></object></field><field name="id" type="long" value="3" /></object>