<object type="edu.southwestern.evolution.genotypes.BoundedRealValuedGenotype" id="0"><field name="lower"><array type="double" length="10" id="1">0.0 0.0 0.0 0.0 0.0 0.0 0.0 0.0 0.0 0.0</array></field><field name="upper"><array type="double" length="10" id="2">1.0 1.0 1.0 1.0 1.0 1.0 1.0 1.0 1.0 1.0</array></field><field name="polynomialMutation" type="boolean" value="true" /><field name="parents"><object type="java.util.LinkedList" id="3"><field name="size" type="int" value="0" /><field name="first"><object /></field><field name="last"><object /></field><field name="modCount" type="int" value="0" /></object></field><field name="genes"><object type="java.util.ArrayList" id="4"><field name="elementData"><array type="java.lang.Object" length="10" id="5"><object type="java.lang.Double" id="6">0.780814180905484</object><object type="java.lang.Double" id="7">0.4347445148839112</object><object type="java.lang.Double" id="8">0.7865323129391794</object><object type="java.lang.Double" id="9">0.07365155488213482</object><object type="java.lang.Double" id="10">0.2019720096398565</object><object type="java.lang.Double" id="11">0.9163538119089533</object><object type="java.lang.Double" id="12">0.22348150438157655</object><object type="java.lang.Double" id="13">0.63242787160644</object><object type="java.lang.Double" id="14">0.3025947317882316</object><object type="java.lang.Double" id="15">0.16099804885306013</object></array></field><field name="size" type="int" value="10" /><field name="modCount" type="int" value="10" /></object></field><field name="id" type="long" value="8" /></object>