<object type="edu.southwestern.evolution.genotypes.BoundedRealValuedGenotype" id="0"><field name="lower"><array type="double" length="10" id="1">0.0 0.0 0.0 0.0 0.0 0.0 0.0 0.0 0.0 0.0</array></field><field name="upper"><array type="double" length="10" id="2">1.0 1.0 1.0 1.0 1.0 1.0 1.0 1.0 1.0 1.0</array></field><field name="polynomialMutation" type="boolean" value="true" /><field name="parents"><object type="java.util.LinkedList" id="3"><field name="size" type="int" value="0" /><field name="first"><object /></field><field name="last"><object /></field><field name="modCount" type="int" value="0" /></object></field><field name="genes"><object type="java.util.ArrayList" id="4"><field name="elementData"><array type="java.lang.Object" length="10" id="5"><object type="java.lang.Double" id="6">0.5039126454411441</object><object type="java.lang.Double" id="7">0.9357021696189302</object><object type="java.lang.Double" id="8">0.2710533791880476</object><object type="java.lang.Double" id="9">0.014813733900984727</object><object type="java.lang.Double" id="10">0.37989646643859776</object><object type="java.lang.Double" id="11">0.10578681300743342</object><object type="java.lang.Double" id="12">0.7631346139196626</object><object type="java.lang.Double" id="13">0.5939164336206497</object><object type="java.lang.Double" id="14">0.44187143772292403</object><object type="java.lang.Double" id="15">0.8391906788473543</object></array></field><field name="size" type="int" value="10" /><field name="modCount" type="int" value="10" /></object></field><field name="id" type="long" value="6" /></object>