<object type="edu.southwestern.evolution.genotypes.BoundedRealValuedGenotype" id="0"><field name="lower"><array type="double" length="10" id="1">0.0 0.0 0.0 0.0 0.0 0.0 0.0 0.0 0.0 0.0</array></field><field name="upper"><array type="double" length="10" id="2">1.0 1.0 1.0 1.0 1.0 1.0 1.0 1.0 1.0 1.0</array></field><field name="polynomialMutation" type="boolean" value="true" /><field name="parents"><object type="java.util.LinkedList" id="3"><field name="size" type="int" value="0" /><field name="first"><object /></field><field name="last"><object /></field><field name="modCount" type="int" value="0" /></object></field><field name="genes"><object type="java.util.ArrayList" id="4"><field name="elementData"><array type="java.lang.Object" length="10" id="5"><object type="java.lang.Double" id="6">0.23920790918329526</object><object type="java.lang.Double" id="7">0.734835802148597</object><object type="java.lang.Double" id="8">0.32928440848932217</object><object type="java.lang.Double" id="9">0.653199082412665</object><object type="java.lang.Double" id="10">0.23676534982050157</object><object type="java.lang.Double" id="11">0.9401484497862765</object><object type="java.lang.Double" id="12">0.44916942847984775</object><object type="java.lang.Double" id="13">0.16325152526772235</object><object type="java.lang.Double" id="14">0.5787442541230938</object><object type="java.lang.Double" id="15">0.6015530966695594</object></array></field><field name="size" type="int" value="10" /><field name="modCount" type="int" value="10" /></object></field><field name="id" type="long" value="16" /></object>