<object type="edu.southwestern.evolution.genotypes.BoundedRealValuedGenotype" id="0"><field name="lower"><array type="double" length="10" id="1">0.0 0.0 0.0 0.0 0.0 0.0 0.0 0.0 0.0 0.0</array></field><field name="upper"><array type="double" length="10" id="2">1.0 1.0 1.0 1.0 1.0 1.0 1.0 1.0 1.0 1.0</array></field><field name="polynomialMutation" type="boolean" value="true" /><field name="parents"><object type="java.util.LinkedList" id="3"><field name="size" type="int" value="0" /><field name="first"><object /></field><field name="last"><object /></field><field name="modCount" type="int" value="0" /></object></field><field name="genes"><object type="java.util.ArrayList" id="4"><field name="elementData"><array type="java.lang.Object" length="10" id="5"><object type="java.lang.Double" id="6">0.48354642033573325</object><object type="java.lang.Double" id="7">0.4142399425692741</object><object type="java.lang.Double" id="8">0.7148383104317655</object><object type="java.lang.Double" id="9">0.7270789217751172</object><object type="java.lang.Double" id="10">0.7034458657450211</object><object type="java.lang.Double" id="11">0.21915123816003823</object><object type="java.lang.Double" id="12">0.6314478292149768</object><object type="java.lang.Double" id="13">0.2600194190827888</object><object type="java.lang.Double" id="14">0.256400811747841</object><object type="java.lang.Double" id="15">0.2822684089240374</object></array></field><field name="size" type="int" value="10" /><field name="modCount" type="int" value="10" /></object></field><field name="id" type="long" value="10" /></object>