<object type="edu.southwestern.scores.Score" id="0"><field name="scoreHistoryStat"><object /></field><field name="evals" type="int" value="1" /><field name="scores"><array type="double" length="1" id="1">1.0</array></field><field name="otherStats"><array type="double" length="0" id="2"></array></field><field name="totalEvalTime" type="double" value="-1.0" /><field name="averageEvalTime" type="double" value="-1.0" /><field name="individual"><object type="edu.southwestern.evolution.genotypes.BoundedRealValuedGenotype" id="3"><field name="lower"><array type="double" length="10" id="4">0.0 0.0 0.0 0.0 0.0 0.0 0.0 0.0 0.0 0.0</array></field><field name="upper"><array type="double" length="10" id="5">1.0 1.0 1.0 1.0 1.0 1.0 1.0 1.0 1.0 1.0</array></field><field name="polynomialMutation" type="boolean" value="true" /><field name="parents"><object type="java.util.LinkedList" id="6"><field name="size" type="int" value="0" /><field name="first"><object /></field><field name="last"><object /></field><field name="modCount" type="int" value="0" /></object></field><field name="genes"><object type="java.util.ArrayList" id="7"><field name="elementData"><array type="java.lang.Object" length="10" id="8"><object type="java.lang.Double" id="9">0.8</object><object type="java.lang.Double" id="10">0.24319309713788673</object><object type="java.lang.Double" id="11">0.9200813528308138</object><object type="java.lang.Double" id="12">0.7006257617525428</object><object type="java.lang.Double" id="13">0.658218306030224</object><object type="java.lang.Double" id="14">0.995276443726594</object><object type="java.lang.Double" id="15">0.84</object><object type="java.lang.Double" id="16">0.6</object><object type="java.lang.Double" id="17">0.2949481577051553</object><object type="java.lang.Double" id="18">0.73</object></array></field><field name="size" type="int" value="10" /><field name="modCount" type="int" value="10" /></object></field><field name="id" type="long" value="58" /></object></field><field name="behaviorVector"><object /></field></object>