<object type="edu.southwestern.evolution.genotypes.BoundedRealValuedGenotype" id="0"><field name="lower"><array type="double" length="10" id="1">0.0 0.0 0.0 0.0 0.0 0.0 0.0 0.0 0.0 0.0</array></field><field name="upper"><array type="double" length="10" id="2">1.0 1.0 1.0 1.0 1.0 1.0 1.0 1.0 1.0 1.0</array></field><field name="polynomialMutation" type="boolean" value="true" /><field name="parents"><object type="java.util.LinkedList" id="3"><field name="size" type="int" value="0" /><field name="first"><object /></field><field name="last"><object /></field><field name="modCount" type="int" value="0" /></object></field><field name="genes"><object type="java.util.ArrayList" id="4"><field name="elementData"><array type="java.lang.Object" length="10" id="5"><object type="java.lang.Double" id="6">0.8</object><object type="java.lang.Double" id="7">0.24319309713788673</object><object type="java.lang.Double" id="8">0.9200813528308138</object><object type="java.lang.Double" id="9">0.52</object><object type="java.lang.Double" id="10">0.45</object><object type="java.lang.Double" id="11">0.988817883316319</object><object type="java.lang.Double" id="12">0.83</object><object type="java.lang.Double" id="13">0.66</object><object type="java.lang.Double" id="14">0.37</object><object type="java.lang.Double" id="15">0.71</object></array></field><field name="size" type="int" value="10" /><field name="modCount" type="int" value="10" /></object></field><field name="id" type="long" value="40" /></object>