<object type="edu.southwestern.evolution.genotypes.BoundedRealValuedGenotype" id="0"><field name="lower"><array type="double" length="10" id="1">0.0 0.0 0.0 0.0 0.0 0.0 0.0 0.0 0.0 0.0</array></field><field name="upper"><array type="double" length="10" id="2">1.0 1.0 1.0 1.0 1.0 1.0 1.0 1.0 1.0 1.0</array></field><field name="polynomialMutation" type="boolean" value="true" /><field name="parents"><object type="java.util.LinkedList" id="3"><field name="size" type="int" value="0" /><field name="first"><object /></field><field name="last"><object /></field><field name="modCount" type="int" value="0" /></object></field><field name="genes"><object type="java.util.ArrayList" id="4"><field name="elementData"><array type="java.lang.Object" length="10" id="5"><object type="java.lang.Double" id="6">0.704384903391232</object><object type="java.lang.Double" id="7">0.6</object><object type="java.lang.Double" id="8">0.15697298611345967</object><object type="java.lang.Double" id="9">0.6852023894604486</object><object type="java.lang.Double" id="10">0.757322477061903</object><object type="java.lang.Double" id="11">0.988817883316319</object><object type="java.lang.Double" id="12">0.8315452052263983</object><object type="java.lang.Double" id="13">0.5067659707167651</object><object type="java.lang.Double" id="14">0.33</object><object type="java.lang.Double" id="15">0.73</object></array></field><field name="size" type="int" value="10" /><field name="modCount" type="int" value="10" /></object></field><field name="id" type="long" value="70" /></object>